Zip Code,Population,County,Country
90001,54492,Los Angeles,California
90002,44586,Los Angeles,California
90003,58198,Los Angeles,California
90004,67852,Los Angeles,California
90005,43019,Los Angeles,California
90006,62784,Los Angeles,California
90007,45025,Los Angeles,California
90008,30852,Los Angeles,California
90010,1957,Los Angeles,California
90011,101215,Los Angeles,California
90012,30596,Los Angeles,California
90013,9732,Los Angeles,California
90014,3524,Los Angeles,California
90015,15140,Los Angeles,California
90016,46984,Los Angeles,California
90017,20692,Los Angeles,California
90018,47143,Los Angeles,California
90019,67520,Los Angeles,California
90020,42394,Los Angeles,California
90021,3012,Los Angeles,California
90022,68701,Los Angeles,California
90023,47487,Los Angeles,California
90024,44150,Los Angeles,California
90025,41175,Los Angeles,California
90026,73686,Los Angeles,California
90027,48727,Los Angeles,California
90028,30568,Los Angeles,California
90029,41713,Los Angeles,California
90031,38415,Los Angeles,California
90032,46960,Los Angeles,California
90033,49431,Los Angeles,California
90034,58218,Los Angeles,California
90035,27799,Los Angeles,California
90036,32901,Los Angeles,California
90037,56709,Los Angeles,California
90038,32562,Los Angeles,California
90039,29310,Los Angeles,California
90040,9805,Los Angeles,California
90041,27866,Los Angeles,California
90042,64672,Los Angeles,California
90043,44764,Los Angeles,California
90044,87383,Los Angeles,California
90045,39334,Los Angeles,California
90046,49839,Los Angeles,California
90047,47107,Los Angeles,California
90048,21739,Los Angeles,California
90049,33523,Los Angeles,California
90056,8115,Los Angeles,California
90057,44004,Los Angeles,California
90058,3642,Los Angeles,California
90059,38128,Los Angeles,California
90061,24511,Los Angeles,California
90062,29299,Los Angeles,California
90063,55668,Los Angeles,California
90064,24505,Los Angeles,California
90065,47534,Los Angeles,California
90066,55204,Los Angeles,California
90067,2527,Los Angeles,California
90068,21728,Los Angeles,California
90069,20408,Los Angeles,California
90071,21,Los Angeles,California
90077,10470,Los Angeles,California
90201,105285,Los Angeles,California
90210,21397,Los Angeles,California
90211,8321,Los Angeles,California
90212,11355,Los Angeles,California
90220,47305,Los Angeles,California
90221,51387,Los Angeles,California
90222,29825,Los Angeles,California
90230,31963,Los Angeles,California
90232,15195,Los Angeles,California
90240,24908,Los Angeles,California
90241,40152,Los Angeles,California
90242,42459,Los Angeles,California
90245,16041,Los Angeles,California
90247,47758,Los Angeles,California
90248,9960,Los Angeles,California
90249,26442,Los Angeles,California
90250,93315,Los Angeles,California
90254,18693,Los Angeles,California
90255,78114,Los Angeles,California
90260,33300,Los Angeles,California
90262,69850,Los Angeles,California
90263,11,Los Angeles,California
90265,19630,Los Angeles,California
90266,33758,Los Angeles,California
90270,28094,Los Angeles,California
90272,22548,Los Angeles,California
90274,24979,Los Angeles,California
90275,41263,Los Angeles,California
90277,34191,Los Angeles,California
90278,37322,Los Angeles,California
90280,96267,Los Angeles,California
90290,5451,Los Angeles,California
90291,31021,Los Angeles,California
90292,18058,Los Angeles,California
90293,11264,Los Angeles,California
90301,37527,Los Angeles,California
90302,30779,Los Angeles,California
90303,27778,Los Angeles,California
90304,28680,Los Angeles,California
90305,13779,Los Angeles,California
90401,5221,Los Angeles,California
90402,11509,Los Angeles,California
90403,23559,Los Angeles,California
90404,19975,Los Angeles,California
90405,26099,Los Angeles,California
90501,40705,Los Angeles,California
90502,17058,Los Angeles,California
90503,41979,Los Angeles,California
90504,31678,Los Angeles,California
90505,34873,Los Angeles,California
90601,32050,Los Angeles,California
90602,26265,Los Angeles,California
90603,19109,Los Angeles,California
90604,37887,Los Angeles,California
90605,38181,Los Angeles,California
90606,32148,Los Angeles,California
90620,44442,Orange,California
90621,33528,Orange,California
90623,15505,Orange,California
90630,47344,Orange,California
90631,67354,Orange,California
90638,47568,Los Angeles,California
90640,62425,Los Angeles,California
90650,103214,Los Angeles,California
90660,63288,Los Angeles,California
90670,16271,Los Angeles,California
90680,29694,Orange,California
90701,16398,Los Angeles,California
90703,51556,Los Angeles,California
90704,3699,Los Angeles,California
90706,72893,Los Angeles,California
90710,24660,Los Angeles,California
90712,30173,Los Angeles,California
90713,27563,Los Angeles,California
90715,20890,Los Angeles,California
90716,14852,Los Angeles,California
90717,21065,Los Angeles,California
90720,21343,Orange,California
90723,55306,Los Angeles,California
90731,58639,Los Angeles,California
90732,21279,Los Angeles,California
90740,24180,Orange,California
90742,1107,Orange,California
90743,174,Orange,California
90744,53323,Los Angeles,California
90745,55486,Los Angeles,California
90746,25566,Los Angeles,California
90802,38427,Los Angeles,California
90803,31352,Los Angeles,California
90804,43467,Los Angeles,California
90805,91664,Los Angeles,California
90806,49647,Los Angeles,California
90807,31556,Los Angeles,California
90808,37417,Los Angeles,California
90810,35656,Los Angeles,California
90813,63136,Los Angeles,California
90814,19034,Los Angeles,California
90815,38902,Los Angeles,California
90822,425,Los Angeles,California
91001,36243,Los Angeles,California
91006,30028,Los Angeles,California
91007,30933,Los Angeles,California
91010,27414,Los Angeles,California
91011,20200,Los Angeles,California
91016,41067,Los Angeles,California
91020,7527,Los Angeles,California
91024,10558,Los Angeles,California
91030,23984,Los Angeles,California
91040,18752,Los Angeles,California
91042,26753,Los Angeles,California
91101,16812,Los Angeles,California
91103,27891,Los Angeles,California
91104,38460,Los Angeles,California
91105,10253,Los Angeles,California
91106,23742,Los Angeles,California
91107,32369,Los Angeles,California
91108,13158,Los Angeles,California
91201,23981,Los Angeles,California
91202,21990,Los Angeles,California
91203,14493,Los Angeles,California
91204,17015,Los Angeles,California
91205,41390,Los Angeles,California
91206,31297,Los Angeles,California
91207,9864,Los Angeles,California
91208,16910,Los Angeles,California
91214,29110,Los Angeles,California
91301,25303,Los Angeles,California
91302,23661,Los Angeles,California
91303,23519,Los Angeles,California
91304,49242,Los Angeles,California
91306,43857,Los Angeles,California
91307,23637,Los Angeles,California
91311,35325,Los Angeles,California
91316,27614,Los Angeles,California
91320,37779,Ventura,California
91321,30742,Los Angeles,California
91324,25751,Los Angeles,California
91325,32307,Los Angeles,California
91326,28067,Los Angeles,California
91331,97318,Los Angeles,California
91335,68018,Los Angeles,California
91340,33389,Los Angeles,California
91342,81986,Los Angeles,California
91343,57017,Los Angeles,California
91344,48867,Los Angeles,California
91345,17112,Los Angeles,California
91350,40077,Los Angeles,California
91351,59259,Los Angeles,California
91352,46639,Los Angeles,California
91354,17846,Los Angeles,California
91355,24977,Los Angeles,California
91356,27424,Los Angeles,California
91360,42526,Ventura,California
91361,18735,Ventura,California
91362,33057,Ventura,California
91364,25988,Los Angeles,California
91367,36123,Los Angeles,California
91377,14814,Ventura,California
91381,9937,Los Angeles,California
91384,22177,Los Angeles,California
91401,40376,Los Angeles,California
91402,66249,Los Angeles,California
91403,22085,Los Angeles,California
91405,51348,Los Angeles,California
91406,50047,Los Angeles,California
91411,23646,Los Angeles,California
91423,29387,Los Angeles,California
91436,13129,Los Angeles,California
91501,18112,Los Angeles,California
91502,11517,Los Angeles,California
91504,25882,Los Angeles,California
91505,29245,Los Angeles,California
91506,18539,Los Angeles,California
91601,36625,Los Angeles,California
91602,16996,Los Angeles,California
91604,26157,Los Angeles,California
91605,57146,Los Angeles,California
91606,45358,Los Angeles,California
91607,27453,Los Angeles,California
91701,39064,San Bernardino,California
91702,57775,Los Angeles,California
91706,76890,Los Angeles,California
91709,66754,San Bernardino,California
91710,75319,San Bernardino,California
91711,34716,Los Angeles,California
91722,33817,Los Angeles,California
91723,17554,Los Angeles,California
91724,25068,Los Angeles,California
91730,51970,San Bernardino,California
91731,30211,Los Angeles,California
91732,62660,Los Angeles,California
91733,45645,Los Angeles,California
91737,23079,San Bernardino,California
91739,12937,San Bernardino,California
91740,25135,Los Angeles,California
91741,24973,Los Angeles,California
91743,13,San Bernardino,California
91744,84965,Los Angeles,California
91745,53686,Los Angeles,California
91746,30802,Los Angeles,California
91748,46342,Los Angeles,California
91750,35530,Los Angeles,California
91752,18980,Riverside,California
91754,33280,Los Angeles,California
91755,26933,Los Angeles,California
91759,47,San Bernardino,California
91761,56280,San Bernardino,California
91762,54254,San Bernardino,California
91763,34447,San Bernardino,California
91764,49474,San Bernardino,California
91765,46532,Los Angeles,California
91766,69974,Los Angeles,California
91767,46626,Los Angeles,California
91768,36057,Los Angeles,California
91770,61623,Los Angeles,California
91773,33878,Los Angeles,California
91775,23444,Los Angeles,California
91776,38041,Los Angeles,California
91780,32718,Los Angeles,California
91784,23331,San Bernardino,California
91786,48827,San Bernardino,California
91789,45118,Los Angeles,California
91790,44099,Los Angeles,California
91791,30458,Los Angeles,California
91792,31622,Los Angeles,California
91801,54382,Los Angeles,California
91803,30635,Los Angeles,California
91901,16486,San Diego,California
91902,17389,San Diego,California
91905,1509,San Diego,California
91906,3133,San Diego,California
91910,74025,San Diego,California
91911,71126,San Diego,California
91913,12884,San Diego,California
91914,2606,San Diego,California
91915,9278,San Diego,California
91916,1587,San Diego,California
91917,727,San Diego,California
91931,796,San Diego,California
91932,26662,San Diego,California
91934,699,San Diego,California
91935,8759,San Diego,California
91941,44652,San Diego,California
91942,24005,San Diego,California
91945,24961,San Diego,California
91948,81,San Diego,California
91950,62355,San Diego,California
91962,1604,San Diego,California
91963,905,San Diego,California
91977,56100,San Diego,California
91978,7863,San Diego,California
91980,91,San Diego,California
92003,3849,San Diego,California
92004,2863,San Diego,California
92007,10375,San Diego,California
92008,35582,San Diego,California
92009,43161,San Diego,California
92014,13945,San Diego,California
92019,40995,San Diego,California
92020,55277,San Diego,California
92021,61872,San Diego,California
92024,47126,San Diego,California
92025,49281,San Diego,California
92026,43436,San Diego,California
92027,48690,San Diego,California
92028,42239,San Diego,California
92029,17944,San Diego,California
92036,3577,San Diego,California
92037,42617,San Diego,California
92040,42277,San Diego,California
92054,98239,San Diego,California
92056,52895,San Diego,California
92057,46893,San Diego,California
92059,1831,San Diego,California
92060,234,San Diego,California
92061,2615,San Diego,California
92064,47969,San Diego,California
92065,33104,San Diego,California
92066,339,San Diego,California
92067,7615,San Diego,California
92069,52664,San Diego,California
92070,1143,San Diego,California
92071,53510,San Diego,California
92075,12173,San Diego,California
92078,6760,San Diego,California
92082,14575,San Diego,California
92083,62036,San Diego,California
92084,44692,San Diego,California
92086,1205,San Diego,California
92091,1072,San Diego,California
92101,27505,San Diego,California
92102,47140,San Diego,California
92103,30202,San Diego,California
92104,47689,San Diego,California
92105,73006,San Diego,California
92106,18525,San Diego,California
92107,27959,San Diego,California
92108,11650,San Diego,California
92109,46086,San Diego,California
92110,24169,San Diego,California
92111,46828,San Diego,California
92113,47431,San Diego,California
92114,66838,San Diego,California
92115,56887,San Diego,California
92116,33083,San Diego,California
92117,51213,San Diego,California
92118,24093,San Diego,California
92119,21866,San Diego,California
92120,25569,San Diego,California
92121,4258,San Diego,California
92122,34902,San Diego,California
92123,25232,San Diego,California
92124,30206,San Diego,California
92126,74232,San Diego,California
92127,20046,San Diego,California
92128,42733,San Diego,California
92129,47224,San Diego,California
92130,28201,San Diego,California
92131,29283,San Diego,California
92139,36351,San Diego,California
92154,68776,San Diego,California
92173,28488,San Diego,California
92201,56307,Riverside,California
92203,2743,Riverside,California
92210,3873,Riverside,California
92211,19702,Riverside,California
92220,25859,Riverside,California
92223,17721,Riverside,California
92225,24659,Riverside,California
92227,23394,Imperial,California
92230,2355,Riverside,California
92231,27804,Imperial,California
92233,7857,Imperial,California
92234,43141,Riverside,California
92236,23170,Riverside,California
92239,964,Riverside,California
92240,22796,Riverside,California
92241,5529,Riverside,California
92242,1564,San Bernardino,California
92243,43712,Imperial,California
92249,3535,Imperial,California
92250,8062,Imperial,California
92251,14546,Imperial,California
92252,8141,San Bernardino,California
92253,23971,Riverside,California
92254,8768,Riverside,California
92256,3499,San Bernardino,California
92257,2753,Imperial,California
92258,732,Riverside,California
92259,471,Imperial,California
92260,29340,Riverside,California
92262,24924,Riverside,California
92264,18884,Riverside,California
92266,291,Imperial,California
92267,131,San Bernardino,California
92268,354,San Bernardino,California
92270,12465,Riverside,California
92273,1632,Imperial,California
92274,17018,Riverside,California
92275,799,Imperial,California
92276,6242,Riverside,California
92277,17178,San Bernardino,California
92278,14104,San Bernardino,California
92280,50,San Bernardino,California
92281,2388,Imperial,California
92282,805,Riverside,California
92283,3663,Imperial,California
92284,20486,San Bernardino,California
92285,2182,San Bernardino,California
92301,18980,San Bernardino,California
92304,42,San Bernardino,California
92305,301,San Bernardino,California
92307,31876,San Bernardino,California
92308,28819,San Bernardino,California
92309,904,San Bernardino,California
92310,9465,San Bernardino,California
92311,31293,San Bernardino,California
92313,11024,San Bernardino,California
92314,9899,San Bernardino,California
92315,5447,San Bernardino,California
92316,25995,San Bernardino,California
92317,2150,San Bernardino,California
92318,227,San Bernardino,California
92320,7334,Riverside,California
92321,455,San Bernardino,California
92323,40,San Bernardino,California
92324,52202,San Bernardino,California
92325,10484,San Bernardino,California
92327,678,San Bernardino,California
92328,443,Inyo,California
92332,115,San Bernardino,California
92333,414,San Bernardino,California
92335,82630,San Bernardino,California
92336,54586,San Bernardino,California
92337,29847,San Bernardino,California
92338,23,San Bernardino,California
92339,958,San Bernardino,California
92341,317,San Bernardino,California
92342,4948,San Bernardino,California
92345,68515,San Bernardino,California
92346,48245,San Bernardino,California
92347,1933,San Bernardino,California
92352,9793,San Bernardino,California
92354,18068,San Bernardino,California
92356,5256,San Bernardino,California
92358,1090,San Bernardino,California
92359,7324,San Bernardino,California
92363,5488,San Bernardino,California
92364,162,San Bernardino,California
92365,2899,San Bernardino,California
92368,909,San Bernardino,California
92371,12463,San Bernardino,California
92372,4280,San Bernardino,California
92373,31230,San Bernardino,California
92374,36675,San Bernardino,California
92376,75882,San Bernardino,California
92377,18518,San Bernardino,California
92382,5395,San Bernardino,California
92384,87,Inyo,California
92386,1834,San Bernardino,California
92389,117,Inyo,California
92392,63235,San Bernardino,California
92394,12083,San Bernardino,California
92397,4253,San Bernardino,California
92398,1195,San Bernardino,California
92399,41575,San Bernardino,California
92401,1779,San Bernardino,California
92404,53636,San Bernardino,California
92405,24644,San Bernardino,California
92407,49355,San Bernardino,California
92408,12149,San Bernardino,California
92410,44556,San Bernardino,California
92411,23146,San Bernardino,California
92501,18999,Riverside,California
92503,71678,Riverside,California
92504,46550,Riverside,California
92505,38446,Riverside,California
92506,42425,Riverside,California
92507,48649,Riverside,California
92508,17147,Riverside,California
92509,63999,Riverside,California
92518,1005,Riverside,California
92530,38519,Riverside,California
92532,4546,Riverside,California
92536,2433,Riverside,California
92539,3745,Riverside,California
92543,29687,Riverside,California
92544,39264,Riverside,California
92545,25694,Riverside,California
92548,4283,Riverside,California
92549,3588,Riverside,California
92551,22983,Riverside,California
92553,61205,Riverside,California
92555,12743,Riverside,California
92557,46214,Riverside,California
92561,1500,Riverside,California
92562,36149,Riverside,California
92563,18311,Riverside,California
92567,7344,Riverside,California
92570,36817,Riverside,California
92571,26357,Riverside,California
92582,4456,Riverside,California
92583,21349,Riverside,California
92584,14068,Riverside,California
92585,8692,Riverside,California
92586,18161,Riverside,California
92587,13151,Riverside,California
92590,3070,Riverside,California
92591,25655,Riverside,California
92592,46171,Riverside,California
92595,19368,Riverside,California
92596,4093,Riverside,California
92602,2762,Orange,California
92604,27369,Orange,California
92606,17621,Orange,California
92610,10936,Orange,California
92612,41062,Orange,California
92614,22499,Orange,California
92618,6301,Orange,California
92620,26419,Orange,California
92624,7465,Orange,California
92625,13422,Orange,California
92626,48207,Orange,California
92627,62069,Orange,California
92629,27730,Orange,California
92630,59176,Orange,California
92646,56517,Orange,California
92647,58764,Orange,California
92648,42663,Orange,California
92649,32304,Orange,California
92651,25206,Orange,California
92653,48273,Orange,California
92655,8660,Orange,California
92656,41237,Orange,California
92657,5597,Orange,California
92660,28687,Orange,California
92661,4242,Orange,California
92662,3124,Orange,California
92663,22133,Orange,California
92672,34946,Orange,California
92673,15297,Orange,California
92675,34321,Orange,California
92676,1859,Orange,California
92677,62103,Orange,California
92679,32268,Orange,California
92683,88230,Orange,California
92688,42193,Orange,California
92691,46371,Orange,California
92692,46227,Orange,California
92694,350,Orange,California
92701,58157,Orange,California
92703,70011,Orange,California
92704,91188,Orange,California
92705,44117,Orange,California
92706,37879,Orange,California
92707,62634,Orange,California
92708,54548,Orange,California
92780,55062,Orange,California
92782,17494,Orange,California
92801,60553,Orange,California
92802,45086,Orange,California
92804,81333,Orange,California
92805,68802,Orange,California
92806,34398,Orange,California
92807,36301,Orange,California
92808,19629,Orange,California
92821,34055,Orange,California
92823,1408,Orange,California
92831,34592,Orange,California
92832,24502,Orange,California
92833,46105,Orange,California
92835,21157,Orange,California
92840,50641,Orange,California
92841,31428,Orange,California
92843,43491,Orange,California
92844,23481,Orange,California
92845,15878,Orange,California
92860,22443,Riverside,California
92861,5935,Orange,California
92865,18058,Orange,California
92866,15396,Orange,California
92867,40915,Orange,California
92868,23172,Orange,California
92869,37916,Orange,California
92870,48170,Orange,California
92879,44875,Riverside,California
92880,16998,Riverside,California
92881,21911,Riverside,California
92882,60294,Riverside,California
92883,13188,Riverside,California
92886,39458,Orange,California
92887,20893,Orange,California
93001,32899,Ventura,California
93003,46894,Ventura,California
93004,27381,Ventura,California
93010,42853,Ventura,California
93012,24945,Ventura,California
93013,17409,Santa Barbara,California
93015,16013,Ventura,California
93021,32984,Ventura,California
93022,6503,Ventura,California
93023,21633,Ventura,California
93030,79736,Ventura,California
93033,77791,Ventura,California
93035,25322,Ventura,California
93040,1459,Ventura,California
93041,25634,Ventura,California
93060,32511,Ventura,California
93063,49027,Ventura,California
93065,64802,Ventura,California
93066,2966,Ventura,California
93067,576,Santa Barbara,California
93101,31727,Santa Barbara,California
93103,20893,Santa Barbara,California
93105,25771,Santa Barbara,California
93108,12741,Santa Barbara,California
93109,10986,Santa Barbara,California
93110,15757,Santa Barbara,California
93111,16477,Santa Barbara,California
93117,49975,Santa Barbara,California
93201,1054,Tulare,California
93202,2872,Kings,California
93203,16206,Kern,California
93204,14697,Kings,California
93205,1954,Kern,California
93206,2078,Kern,California
93207,226,Tulare,California
93208,191,Tulare,California
93210,18036,Fresno,California
93212,23506,Kings,California
93215,37280,Kern,California
93216,4425,Kern,California
93218,823,Tulare,California
93219,9318,Tulare,California
93221,13333,Tulare,California
93222,1526,Kern,California
93223,8644,Tulare,California
93224,626,Kern,California
93225,4498,Kern,California
93226,296,Kern,California
93230,53204,Kings,California
93234,6918,Fresno,California
93235,4517,Tulare,California
93238,1873,Kern,California
93239,1809,Kings,California
93240,5564,Kern,California
93241,15364,Kern,California
93242,2900,Fresno,California
93243,1247,Kern,California
93244,293,Tulare,California
93245,30419,Kings,California
93247,15508,Tulare,California
93249,2502,Kern,California
93250,10781,Kern,California
93251,302,Kern,California
93252,4357,Kern,California
93254,798,Santa Barbara,California
93255,655,Kern,California
93256,4198,Tulare,California
93257,65566,Tulare,California
93260,266,Tulare,California
93261,2956,Tulare,California
93262,56,Tulare,California
93263,15177,Kern,California
93265,3546,Tulare,California
93266,1729,Kings,California
93267,5689,Tulare,California
93268,14937,Kern,California
93270,5868,Tulare,California
93271,2318,Tulare,California
93272,2951,Tulare,California
93274,56101,Tulare,California
93276,236,Kern,California
93277,44741,Tulare,California
93280,22760,Kern,California
93282,63,Tulare,California
93283,1935,Kern,California
93285,2515,Kern,California
93286,8870,Tulare,California
93287,88,Kern,California
93291,36718,Tulare,California
93292,30395,Tulare,California
93301,12963,Kern,California
93304,44588,Kern,California
93305,35643,Kern,California
93306,53481,Kern,California
93307,59195,Kern,California
93308,44915,Kern,California
93309,58632,Kern,California
93311,20440,Kern,California
93312,40836,Kern,California
93313,25126,Kern,California
93401,27047,San Luis Obispo,California
93402,14859,San Luis Obispo,California
93405,31982,San Luis Obispo,California
93420,24499,San Luis Obispo,California
93422,29539,San Luis Obispo,California
93424,812,San Luis Obispo,California
93426,1363,Monterey,California
93427,4644,Santa Barbara,California
93428,6526,San Luis Obispo,California
93429,210,Santa Barbara,California
93430,3220,San Luis Obispo,California
93432,1203,San Luis Obispo,California
93433,13106,San Luis Obispo,California
93434,5726,Santa Barbara,California
93435,28,San Luis Obispo,California
93436,51737,Santa Barbara,California
93437,6165,Santa Barbara,California
93440,1328,Santa Barbara,California
93441,1317,Santa Barbara,California
93442,10909,San Luis Obispo,California
93444,15405,San Luis Obispo,California
93445,7435,San Luis Obispo,California
93446,35586,San Luis Obispo,California
93447,804,San Luis Obispo,California
93449,8564,San Luis Obispo,California
93450,670,Monterey,California
93451,2666,San Luis Obispo,California
93452,471,San Luis Obispo,California
93453,2687,San Luis Obispo,California
93454,30540,Santa Barbara,California
93455,37364,Santa Barbara,California
93458,43684,Santa Barbara,California
93460,5710,Santa Barbara,California
93461,1255,San Luis Obispo,California
93463,7958,Santa Barbara,California
93465,7918,San Luis Obispo,California
93501,4882,Kern,California
93505,8316,Kern,California
93510,7831,Los Angeles,California
93512,340,Mono,California
93513,1826,Inyo,California
93514,13309,Inyo,California
93516,2241,Kern,California
93517,826,Mono,California
93518,1022,Kern,California
93522,64,Inyo,California
93523,7685,Kern,California
93526,734,Inyo,California
93527,2213,Kern,California
93528,207,Kern,California
93529,618,Mono,California
93530,71,Inyo,California
93531,1436,Kern,California
93532,2771,Los Angeles,California
93534,35109,Los Angeles,California
93535,57794,Los Angeles,California
93536,49309,Los Angeles,California
93541,504,Mono,California
93543,11198,Los Angeles,California
93544,1220,Los Angeles,California
93545,1910,Inyo,California
93546,8217,Mono,California
93549,318,Inyo,California
93550,67232,Los Angeles,California
93551,34045,Los Angeles,California
93552,25370,Los Angeles,California
93553,1613,Los Angeles,California
93554,117,Kern,California
93555,29782,Kern,California
93560,14931,Kern,California
93561,25805,Kern,California
93562,1991,San Bernardino,California
93563,413,Los Angeles,California
93591,6787,Los Angeles,California
93601,1968,Madera,California
93602,3464,Fresno,California
93603,273,Tulare,California
93604,613,Madera,California
93605,273,Fresno,California
93606,807,Fresno,California
93608,1766,Fresno,California
93609,5446,Fresno,California
93610,19391,Madera,California
93611,46858,Fresno,California
93612,33856,Fresno,California
93614,9395,Madera,California
93615,5519,Tulare,California
93616,1965,Fresno,California
93618,24206,Tulare,California
93620,9388,Merced,California
93621,506,Fresno,California
93622,9491,Fresno,California
93623,77,Mariposa,California
93624,1852,Fresno,California
93625,5635,Fresno,California
93626,1125,Fresno,California
93627,152,Fresno,California
93628,93,Fresno,California
93630,14062,Fresno,California
93631,14088,Fresno,California
93634,52,Fresno,California
93635,29124,Merced,California
93637,28434,Madera,California
93638,49247,Madera,California
93640,9174,Fresno,California
93641,571,Fresno,California
93643,3376,Madera,California
93644,8521,Madera,California
93645,173,Madera,California
93646,8449,Fresno,California
93647,9780,Tulare,California
93648,12587,Fresno,California
93650,3258,Fresno,California
93651,1314,Fresno,California
93652,265,Fresno,California
93653,972,Madera,California
93654,25923,Fresno,California
93656,5729,Fresno,California
93657,28991,Fresno,California
93660,4318,Fresno,California
93662,26213,Fresno,California
93664,642,Fresno,California
93665,343,Merced,California
93666,306,Tulare,California
93667,2633,Fresno,California
93668,1130,Fresno,California
93669,327,Madera,California
93673,646,Tulare,California
93675,3146,Fresno,California
93701,13858,Fresno,California
93702,47999,Fresno,California
93703,31180,Fresno,California
93704,26580,Fresno,California
93705,35451,Fresno,California
93706,35790,Fresno,California
93710,29337,Fresno,California
93711,36274,Fresno,California
93720,45087,Fresno,California
93721,6848,Fresno,California
93722,60889,Fresno,California
93725,21010,Fresno,California
93726,39148,Fresno,California
93727,54701,Fresno,California
93728,16346,Fresno,California
93901,35739,Monterey,California
93905,58548,Monterey,California
93906,53946,Monterey,California
93907,22292,Monterey,California
93908,13027,Monterey,California
93920,1006,Monterey,California
93921,2966,Monterey,California
93923,13121,Monterey,California
93924,6691,Monterey,California
93925,1140,Monterey,California
93926,9023,Monterey,California
93927,14204,Monterey,California
93928,254,Monterey,California
93930,14477,Monterey,California
93932,538,Monterey,California
93933,21759,Monterey,California
93940,32857,Monterey,California
93950,15449,Monterey,California
93953,4602,Monterey,California
93954,521,Monterey,California
93955,38244,Monterey,California
93960,13003,Monterey,California
93962,407,Monterey,California
94002,25566,San Mateo,California
94005,3635,San Mateo,California
94010,40346,San Mateo,California
94014,47453,San Mateo,California
94015,63337,San Mateo,California
94019,17929,San Mateo,California
94020,1622,San Mateo,California
94021,148,San Mateo,California
94022,18486,Santa Clara,California
94024,21496,Santa Clara,California
94025,39062,San Mateo,California
94027,6876,San Mateo,California
94028,6601,San Mateo,California
94030,20350,San Mateo,California
94037,2346,San Mateo,California
94038,3064,San Mateo,California
94040,32143,Santa Clara,California
94041,13483,Santa Clara,California
94043,27822,Santa Clara,California
94044,38885,San Mateo,California
94060,2055,San Mateo,California
94061,35737,San Mateo,California
94062,25569,San Mateo,California
94063,32368,San Mateo,California
94065,10658,San Mateo,California
94066,39566,San Mateo,California
94070,28098,San Mateo,California
94074,291,San Mateo,California
94080,60599,San Mateo,California
94086,64010,Santa Clara,California
94087,50070,Santa Clara,California
94089,16985,Santa Clara,California
94102,28998,San Francisco,California
94103,23036,San Francisco,California
94104,384,San Francisco,California
94105,2066,San Francisco,California
94107,17372,San Francisco,California
94108,13723,San Francisco,California
94109,56330,San Francisco,California
94110,74641,San Francisco,California
94111,3337,San Francisco,California
94112,73117,San Francisco,California
94114,30587,San Francisco,California
94115,33122,San Francisco,California
94116,42959,San Francisco,California
94117,38756,San Francisco,California
94118,38955,San Francisco,California
94121,42476,San Francisco,California
94122,55504,San Francisco,California
94123,22920,San Francisco,California
94124,33177,San Francisco,California
94127,20643,San Francisco,California
94129,2240,San Francisco,California
94130,1458,San Francisco,California
94131,27906,San Francisco,California
94132,26297,San Francisco,California
94133,26831,San Francisco,California
94134,40137,San Francisco,California
94301,16198,Santa Clara,California
94303,45499,Santa Clara,California
94304,1723,Santa Clara,California
94305,13386,Santa Clara,California
94306,24492,Santa Clara,California
94401,32488,San Mateo,California
94402,23393,San Mateo,California
94403,37926,San Mateo,California
94404,31882,San Mateo,California
94501,58555,Alameda,California
94502,13996,Alameda,California
94506,19777,Contra Costa,California
94507,15187,Contra Costa,California
94508,3641,Napa,California
94509,90891,Contra Costa,California
94510,25578,Solano,California
94511,2379,Contra Costa,California
94512,138,Solano,California
94513,26577,Contra Costa,California
94514,10153,Contra Costa,California
94515,7384,Napa,California
94517,14239,Contra Costa,California
94518,27394,Contra Costa,California
94519,18650,Contra Costa,California
94520,36186,Contra Costa,California
94521,39888,Contra Costa,California
94523,32685,Contra Costa,California
94525,3193,Contra Costa,California
94526,32873,Contra Costa,California
94530,23141,Contra Costa,California
94533,77683,Solano,California
94535,9978,Solano,California
94536,66543,Alameda,California
94538,56126,Alameda,California
94539,46917,Alameda,California
94541,60274,Alameda,California
94542,11147,Alameda,California
94544,72993,Alameda,California
94545,27311,Alameda,California
94546,41698,Alameda,California
94547,22479,Contra Costa,California
94549,23996,Contra Costa,California
94550,75929,Alameda,California
94552,13212,Alameda,California
94553,46677,Contra Costa,California
94555,33883,Alameda,California
94556,16510,Contra Costa,California
94558,63947,Napa,California
94559,26894,Napa,California
94560,42491,Alameda,California
94561,27607,Contra Costa,California
94563,17964,Contra Costa,California
94564,16717,Contra Costa,California
94565,78816,Contra Costa,California
94566,36669,Alameda,California
94567,494,Napa,California
94568,29636,Alameda,California
94569,173,Contra Costa,California
94571,5246,Solano,California
94572,8506,Contra Costa,California
94574,9423,Napa,California
94576,223,Napa,California
94577,41871,Alameda,California
94578,36568,Alameda,California
94579,19815,Alameda,California
94580,26240,Alameda,California
94583,44078,Contra Costa,California
94585,39279,Solano,California
94586,790,Alameda,California
94587,66472,Alameda,California
94588,28568,Alameda,California
94589,42209,Solano,California
94590,37218,Solano,California
94591,51665,Solano,California
94592,159,Solano,California
94595,18024,Contra Costa,California
94596,40917,Contra Costa,California
94598,26022,Contra Costa,California
94599,2873,Napa,California
94601,54876,Alameda,California
94602,28900,Alameda,California
94603,31392,Alameda,California
94605,42854,Alameda,California
94606,41876,Alameda,California
94607,21054,Alameda,California
94608,24589,Alameda,California
94609,21097,Alameda,California
94610,29964,Alameda,California
94611,36517,Alameda,California
94612,11702,Alameda,California
94618,15438,Alameda,California
94619,24518,Alameda,California
94621,30751,Alameda,California
94702,15638,Alameda,California
94703,19763,Alameda,California
94704,21205,Alameda,California
94705,12448,Alameda,California
94706,15882,Alameda,California
94707,11889,Alameda,California
94708,10737,Alameda,California
94709,10147,Alameda,California
94710,8157,Alameda,California
94801,28450,Contra Costa,California
94803,25399,Contra Costa,California
94804,39089,Contra Costa,California
94805,13984,Contra Costa,California
94806,55720,Contra Costa,California
94901,40239,Marin,California
94903,28403,Marin,California
94904,12010,Marin,California
94920,13065,Marin,California
94922,584,Sonoma,California
94923,1785,Sonoma,California
94924,1573,Marin,California
94925,9038,Marin,California
94928,42544,Sonoma,California
94929,330,Marin,California
94930,8486,Marin,California
94931,7936,Sonoma,California
94933,1025,Marin,California
94937,1004,Marin,California
94938,821,Marin,California
94939,6773,Marin,California
94940,406,Marin,California
94941,28727,Marin,California
94945,16429,Marin,California
94946,607,Marin,California
94947,24741,Marin,California
94949,13361,Marin,California
94950,248,Marin,California
94951,3777,Sonoma,California
94952,31930,Sonoma,California
94954,35419,Sonoma,California
94956,1885,Marin,California
94960,16849,Marin,California
94963,548,Marin,California
94964,6448,Marin,California
94965,11213,Marin,California
94970,781,Marin,California
94971,384,Marin,California
94972,66,Sonoma,California
94973,1449,Marin,California
95002,2147,Santa Clara,California
95003,24227,Santa Cruz,California
95004,3373,Monterey,California
95005,6407,Santa Cruz,California
95006,10520,Santa Cruz,California
95007,1007,Santa Cruz,California
95008,44976,Santa Clara,California
95010,9673,Santa Cruz,California
95012,8582,Monterey,California
95014,54431,Santa Clara,California
95017,857,Santa Cruz,California
95018,8728,Santa Cruz,California
95019,4753,Santa Cruz,California
95020,49968,Santa Clara,California
95023,47514,San Benito,California
95030,13290,Santa Clara,California
95032,24443,Santa Clara,California
95033,10172,Santa Clara,California
95035,62848,Santa Clara,California
95037,41707,Santa Clara,California
95039,899,Monterey,California
95041,77,Santa Cruz,California
95043,813,San Benito,California
95045,3402,San Benito,California
95046,5671,Santa Clara,California
95050,36349,Santa Clara,California
95051,52986,Santa Clara,California
95054,13031,Santa Clara,California
95060,43192,Santa Cruz,California
95062,36631,Santa Cruz,California
95064,4563,Santa Cruz,California
95065,8365,Santa Cruz,California
95066,14574,Santa Cruz,California
95070,30589,Santa Clara,California
95073,9823,Santa Cruz,California
95076,81141,Santa Cruz,California
95110,18197,Santa Clara,California
95111,57748,Santa Clara,California
95112,52334,Santa Clara,California
95113,561,Santa Clara,California
95116,51706,Santa Clara,California
95117,29914,Santa Clara,California
95118,31926,Santa Clara,California
95119,10155,Santa Clara,California
95120,37090,Santa Clara,California
95121,37127,Santa Clara,California
95122,59841,Santa Clara,California
95123,59632,Santa Clara,California
95124,45257,Santa Clara,California
95125,46185,Santa Clara,California
95126,27023,Santa Clara,California
95127,60620,Santa Clara,California
95128,32804,Santa Clara,California
95129,37570,Santa Clara,California
95130,13481,Santa Clara,California
95131,26389,Santa Clara,California
95132,40568,Santa Clara,California
95133,26032,Santa Clara,California
95134,9657,Santa Clara,California
95135,15798,Santa Clara,California
95136,36944,Santa Clara,California
95138,14792,Santa Clara,California
95139,7023,Santa Clara,California
95140,38,Santa Clara,California
95148,44103,Santa Clara,California
95202,7071,San Joaquin,California
95203,16357,San Joaquin,California
95204,30476,San Joaquin,California
95205,34138,San Joaquin,California
95206,49657,San Joaquin,California
95207,49965,San Joaquin,California
95209,30814,San Joaquin,California
95210,40611,San Joaquin,California
95212,6951,San Joaquin,California
95215,23789,San Joaquin,California
95219,19109,San Joaquin,California
95220,6317,San Joaquin,California
95221,676,Calaveras,California
95222,4264,Calaveras,California
95223,5159,Calaveras,California
95224,115,Calaveras,California
95225,27,Calaveras,California
95226,75,Calaveras,California
95227,722,San Joaquin,California
95228,2633,Calaveras,California
95230,596,San Joaquin,California
95231,5094,San Joaquin,California
95232,21,Calaveras,California
95233,335,Calaveras,California
95236,3148,San Joaquin,California
95237,3205,San Joaquin,California
95240,45755,San Joaquin,California
95242,22073,San Joaquin,California
95245,2718,Calaveras,California
95246,1692,Calaveras,California
95247,4353,Calaveras,California
95249,3930,Calaveras,California
95250,88,Calaveras,California
95251,460,Calaveras,California
95252,11266,Calaveras,California
95254,304,Calaveras,California
95255,2198,Calaveras,California
95257,435,Calaveras,California
95258,4176,San Joaquin,California
95301,27808,Merced,California
95303,809,Merced,California
95305,167,Tuolumne,California
95306,986,Mariposa,California
95307,32881,Stanislaus,California
95310,2144,Tuolumne,California
95311,2271,Mariposa,California
95312,55,Merced,California
95313,1508,Stanislaus,California
95315,10159,Merced,California
95316,5513,Stanislaus,California
95317,808,Merced,California
95318,579,Mariposa,California
95320,11474,San Joaquin,California
95321,3680,Tuolumne,California
95322,7872,Merced,California
95323,1055,Stanislaus,California
95324,7177,Merced,California
95325,128,Mariposa,California
95326,6822,Stanislaus,California
95327,9559,Tuolumne,California
95328,2130,Stanislaus,California
95329,1749,Stanislaus,California
95330,10834,San Joaquin,California
95333,3256,Merced,California
95334,12672,Merced,California
95335,683,Tuolumne,California
95336,36738,San Joaquin,California
95337,19867,San Joaquin,California
95338,10226,Mariposa,California
95340,59289,Merced,California
95345,433,Mariposa,California
95346,1278,Tuolumne,California
95348,23100,Merced,California
95350,52872,Stanislaus,California
95351,47536,Stanislaus,California
95354,27135,Stanislaus,California
95355,47613,Stanislaus,California
95356,26055,Stanislaus,California
95357,13343,Stanislaus,California
95358,30668,Stanislaus,California
95360,8504,Stanislaus,California
95361,25384,Stanislaus,California
95363,15536,Stanislaus,California
95364,235,Tuolumne,California
95365,4150,Merced,California
95366,12646,San Joaquin,California
95367,16525,Stanislaus,California
95368,12466,Stanislaus,California
95369,1158,Merced,California
95370,25340,Tuolumne,California
95372,1519,Tuolumne,California
95374,1960,Merced,California
95376,69801,San Joaquin,California
95379,3979,Tuolumne,California
95380,40545,Stanislaus,California
95382,24708,Stanislaus,California
95383,4848,Tuolumne,California
95385,274,San Joaquin,California
95386,8308,Stanislaus,California
95387,899,Stanislaus,California
95388,11463,Merced,California
95389,1750,Mariposa,California
95401,36125,Sonoma,California
95403,40270,Sonoma,California
95404,35057,Sonoma,California
95405,22250,Sonoma,California
95407,30876,Sonoma,California
95409,25718,Sonoma,California
95410,1054,Mendocino,California
95412,747,Sonoma,California
95415,1374,Mendocino,California
95417,176,Mendocino,California
95419,436,Sonoma,California
95420,333,Mendocino,California
95421,1575,Sonoma,California
95422,13485,Lake,California
95423,3684,Lake,California
95424,103,Lake,California
95425,9210,Sonoma,California
95426,1591,Lake,California
95427,371,Mendocino,California
95428,2296,Mendocino,California
95429,91,Mendocino,California
95430,187,Sonoma,California
95431,363,Sonoma,California
95432,383,Mendocino,California
95436,6216,Sonoma,California
95437,14417,Mendocino,California
95439,476,Sonoma,California
95441,2349,Sonoma,California
95442,4101,Sonoma,California
95443,175,Lake,California
95444,390,Sonoma,California
95445,1916,Mendocino,California
95446,4913,Sonoma,California
95448,17979,Sonoma,California
95449,1373,Mendocino,California
95450,438,Sonoma,California
95451,9902,Lake,California
95452,1653,Sonoma,California
95453,11180,Lake,California
95454,2706,Mendocino,California
95456,882,Mendocino,California
95457,2644,Lake,California
95458,3002,Lake,California
95459,586,Mendocino,California
95460,2229,Mendocino,California
95461,7789,Lake,California
95462,1537,Sonoma,California
95463,148,Mendocino,California
95464,2223,Lake,California
95465,1880,Sonoma,California
95466,1113,Mendocino,California
95468,1352,Mendocino,California
95469,1884,Mendocino,California
95470,5995,Mendocino,California
95471,298,Sonoma,California
95472,31266,Sonoma,California
95476,34314,Sonoma,California
95480,30,Sonoma,California
95481,109,Mendocino,California
95482,30988,Mendocino,California
95485,2344,Lake,California
95488,309,Mendocino,California
95490,13472,Mendocino,California
95492,23701,Sonoma,California
95493,240,Lake,California
95494,335,Mendocino,California
95497,752,Sonoma,California
95501,23224,Humboldt,California
95502,183,Humboldt,California
95503,23570,Humboldt,California
95511,261,Humboldt,California
95514,199,Humboldt,California
95519,15921,Humboldt,California
95521,19596,Humboldt,California
95524,1689,Humboldt,California
95525,1584,Humboldt,California
95526,695,Humboldt,California
95527,485,Trinity,California
95528,1072,Humboldt,California
95531,23792,Del Norte,California
95536,2965,Humboldt,California
95537,228,Humboldt,California
95540,12241,Humboldt,California
95542,2423,Humboldt,California
95543,532,Del Norte,California
95545,82,Humboldt,California
95546,3041,Humboldt,California
95547,1201,Humboldt,California
95548,1215,Del Norte,California
95549,264,Humboldt,California
95550,155,Humboldt,California
95551,1447,Humboldt,California
95552,265,Trinity,California
95553,867,Humboldt,California
95554,644,Humboldt,California
95555,494,Humboldt,California
95556,574,Humboldt,California
95558,300,Humboldt,California
95559,163,Humboldt,California
95560,1851,Humboldt,California
95562,3284,Humboldt,California
95563,660,Trinity,California
95564,395,Humboldt,California
95565,1125,Humboldt,California
95567,2020,Del Norte,California
95568,202,Siskiyou,California
95569,400,Humboldt,California
95570,2369,Humboldt,California
95571,270,Humboldt,California
95573,1666,Humboldt,California
95585,321,Mendocino,California
95587,200,Mendocino,California
95589,743,Humboldt,California
95595,259,Trinity,California
95601,222,Amador,California
95602,18197,Placer,California
95603,24944,Placer,California
95605,12756,Yolo,California
95606,382,Yolo,California
95607,262,Yolo,California
95608,58830,Sacramento,California
95610,43718,Sacramento,California
95612,1417,Yolo,California
95613,49,El Dorado,California
95614,3674,El Dorado,California
95615,699,Sacramento,California
95616,67411,Yolo,California
95618,648,Yolo,California
95619,4426,El Dorado,California
95620,18529,Solano,California
95621,41636,Sacramento,California
95623,4097,El Dorado,California
95624,38534,Sacramento,California
95625,171,Solano,California
95626,6197,Sacramento,California
95627,2756,Yolo,California
95628,40750,Sacramento,California
95629,850,Amador,California
95630,51855,Sacramento,California
95631,5714,Placer,California
95632,24194,Sacramento,California
95633,2536,El Dorado,California
95634,2723,El Dorado,California
95635,1140,El Dorado,California
95636,659,El Dorado,California
95637,228,Yolo,California
95638,1745,Sacramento,California
95639,213,Sacramento,California
95640,9752,Amador,California
95641,2010,Sacramento,California
95642,6202,Amador,California
95645,1793,Yolo,California
95646,129,Alpine,California
95648,15286,Placer,California
95650,11191,Placer,California
95651,485,El Dorado,California
95653,844,Yolo,California
95655,929,Sacramento,California
95658,6096,Placer,California
95659,751,Sutter,California
95660,32202,Sacramento,California
95661,25173,Placer,California
95662,32040,Sacramento,California
95663,2048,Placer,California
95664,1173,El Dorado,California
95665,4354,Amador,California
95666,5501,Amador,California
95667,34146,El Dorado,California
95668,901,Sutter,California
95669,2220,Amador,California
95670,49729,Sacramento,California
95672,3815,El Dorado,California
95673,14010,Sacramento,California
95674,947,Sutter,California
95675,364,Amador,California
95676,383,Sutter,California
95677,21510,Placer,California
95678,30614,Placer,California
95681,1219,Placer,California
95682,24738,El Dorado,California
95683,4731,Sacramento,California
95684,2958,El Dorado,California
95685,4610,Amador,California
95686,1472,San Joaquin,California
95687,63157,Solano,California
95688,32564,Solano,California
95689,1273,Amador,California
95690,2344,Sacramento,California
95691,19050,Yolo,California
95692,3600,Yuba,California
95693,5889,Sacramento,California
95694,8406,Yolo,California
95695,38547,Yolo,California
95701,751,Placer,California
95703,1526,Placer,California
95709,4829,El Dorado,California
95713,8525,Placer,California
95714,350,Placer,California
95715,185,Placer,California
95717,407,Placer,California
95720,183,El Dorado,California
95721,69,El Dorado,California
95722,3747,Placer,California
95726,8577,El Dorado,California
95728,88,Nevada,California
95735,25,El Dorado,California
95736,31,Placer,California
95742,299,Sacramento,California
95746,20675,Placer,California
95747,25418,Placer,California
95758,47065,Sacramento,California
95762,22028,El Dorado,California
95765,15494,Placer,California
95776,15022,Yolo,California
95814,16599,Sacramento,California
95815,25355,Sacramento,California
95816,16164,Sacramento,California
95817,14966,Sacramento,California
95818,21313,Sacramento,California
95819,15975,Sacramento,California
95820,37031,Sacramento,California
95821,35426,Sacramento,California
95822,44683,Sacramento,California
95823,72199,Sacramento,California
95824,30580,Sacramento,California
95825,30715,Sacramento,California
95826,38818,Sacramento,California
95827,19611,Sacramento,California
95828,54880,Sacramento,California
95829,11396,Sacramento,California
95830,592,Sacramento,California
95831,42832,Sacramento,California
95832,9063,Sacramento,California
95833,31422,Sacramento,California
95834,8403,Sacramento,California
95835,854,Sacramento,California
95836,16,Sacramento,California
95837,264,Sacramento,California
95838,34894,Sacramento,California
95841,20993,Sacramento,California
95842,31373,Sacramento,California
95843,36432,Sacramento,California
95864,23362,Sacramento,California
95901,38091,Yuba,California
95903,5654,Yuba,California
95910,118,Sierra,California
95912,4796,Colusa,California
95913,218,Glenn,California
95914,626,Butte,California
95916,1279,Butte,California
95917,3169,Butte,California
95918,1477,Yuba,California
95919,1237,Yuba,California
95920,303,Glenn,California
95922,632,Yuba,California
95923,86,Plumas,California
95925,262,Yuba,California
95926,35808,Butte,California
95928,32848,Butte,California
95930,282,Butte,California
95932,7503,Colusa,California
95934,178,Plumas,California
95935,614,Yuba,California
95936,404,Sierra,California
95937,19,Yolo,California
95938,3524,Butte,California
95939,587,Glenn,California
95941,452,Butte,California
95942,1351,Butte,California
95943,1454,Glenn,California
95944,76,Sierra,California
95945,23990,Nevada,California
95946,9752,Nevada,California
95947,2064,Plumas,California
95948,9763,Butte,California
95949,17922,Nevada,California
95950,531,Colusa,California
95951,1931,Glenn,California
95953,8695,Sutter,California
95954,11168,Butte,California
95955,1146,Colusa,California
95956,301,Plumas,California
95957,776,Sutter,California
95959,17269,Nevada,California
95960,565,Nevada,California
95961,6439,Yuba,California
95962,1519,Yuba,California
95963,13706,Glenn,California
95965,17782,Butte,California
95966,28382,Butte,California
95968,1254,Butte,California
95969,28318,Butte,California
95970,495,Colusa,California
95971,6189,Plumas,California
95972,140,Yuba,California
95973,26971,Butte,California
95974,74,Butte,California
95975,1601,Nevada,California
95977,963,Nevada,California
95978,28,Butte,California
95979,844,Colusa,California
95981,101,Yuba,California
95982,3193,Sutter,California
95983,513,Plumas,California
95984,73,Plumas,California
95986,145,Nevada,California
95987,4579,Colusa,California
95988,8812,Glenn,California
95991,34967,Sutter,California
95993,27786,Sutter,California
96001,31586,Shasta,California
96002,30338,Shasta,California
96003,41476,Shasta,California
96006,615,Modoc,California
96007,21418,Shasta,California
96008,899,Shasta,California
96009,595,Lassen,California
96010,269,Trinity,California
96011,265,Shasta,California
96013,4552,Shasta,California
96014,290,Siskiyou,California
96015,417,Modoc,California
96016,344,Shasta,California
96017,228,Shasta,California
96019,6277,Shasta,California
96020,2664,Plumas,California
96021,13840,Tehama,California
96022,12348,Shasta,California
96023,1162,Siskiyou,California
96024,960,Trinity,California
96025,2602,Siskiyou,California
96027,2156,Siskiyou,California
96028,1902,Shasta,California
96029,84,Tehama,California
96031,170,Siskiyou,California
96032,2345,Siskiyou,California
96033,373,Shasta,California
96034,392,Siskiyou,California
96035,3357,Tehama,California
96037,295,Siskiyou,California
96038,616,Siskiyou,California
96039,1294,Siskiyou,California
96040,397,Shasta,California
96041,2511,Trinity,California
96044,1026,Siskiyou,California
96046,268,Trinity,California
96047,911,Shasta,California
96048,734,Trinity,California
96050,482,Siskiyou,California
96051,1236,Shasta,California
96052,1845,Trinity,California
96054,386,Modoc,California
96055,3756,Tehama,California
96056,1554,Shasta,California
96057,1586,Siskiyou,California
96058,816,Siskiyou,California
96059,598,Tehama,California
96061,78,Tehama,California
96062,830,Shasta,California
96063,124,Tehama,California
96064,4592,Siskiyou,California
96065,431,Shasta,California
96067,7309,Siskiyou,California
96068,240,Lassen,California
96069,829,Shasta,California
96071,182,Shasta,California
96073,4931,Shasta,California
96074,263,Tehama,California
96075,433,Tehama,California
96076,215,Shasta,California
96080,26438,Tehama,California
96084,459,Shasta,California
96085,88,Siskiyou,California
96086,332,Siskiyou,California
96087,528,Shasta,California
96088,4231,Shasta,California
96090,405,Tehama,California
96091,734,Trinity,California
96092,439,Tehama,California
96093,3749,Trinity,California
96094,5896,Siskiyou,California
96096,843,Shasta,California
96097,9538,Siskiyou,California
96101,5096,Modoc,California
96103,1839,Plumas,California
96104,857,Modoc,California
96105,650,Plumas,California
96106,88,Plumas,California
96107,1332,Mono,California
96108,104,Modoc,California
96109,1177,Lassen,California
96110,132,Modoc,California
96112,231,Modoc,California
96113,946,Lassen,California
96114,3093,Lassen,California
96115,124,Modoc,California
96116,277,Modoc,California
96117,385,Lassen,California
96118,1822,Sierra,California
96119,85,Lassen,California
96120,957,Alpine,California
96121,481,Lassen,California
96122,4236,Plumas,California
96123,61,Lassen,California
96124,322,Sierra,California
96125,348,Sierra,California
96126,227,Sierra,California
96128,408,Lassen,California
96130,19440,Lassen,California
96132,72,Lassen,California
96133,116,Mono,California
96134,2595,Siskiyou,California
96136,162,Lassen,California
96137,4158,Lassen,California
96140,1943,Placer,California
96141,858,Placer,California
96142,1291,El Dorado,California
96143,4806,Placer,California
96145,4002,Placer,California
96146,942,Placer,California
96148,678,Placer,California
96150,33038,El Dorado,California
96161,15783,Nevada,California
